{
    "IsEncrypted": false,
    "Values": {
      "AzureWebJobsStorage": "UseDevelopmentStorage=true",
      "FUNCTIONS_WORKER_RUNTIME": "python",
      "COSMOS_DB_CONNECTION_STRING": "mongodb://cst8922cosmosdb:Nsh8ylRRT7oB5zPVOO48F5FNu7DQncBCFUnYy1ae0Qzxvbc1NzZS1aOdXC1jq6P0pQuTNuUsh0Y3ACDbe9yYNQ==@cst8922cosmosdb.mongo.cosmos.azure.com:10255/?ssl=true&replicaSet=globaldb&retrywrites=false&maxIdleTimeMS=120000&appName=@cst8922cosmosdb@",
      "COSMOS_DB_NAME": "cst8917_lab2_database",
      "COSMOS_DB_COLLECTION": "lab2_collection",
      "REDIS_CONNECTION": "redis://:mlZWvY33FWxSyhWaFyWvWLKd0EX5ibGUIAzCaGnsCbc=@cst8917lab2redis.redis.cache.windows.net:6379/0"
    }
  }
  